{
  "project_info": {
    "project_number": "344189659286",
    "project_id": "example-a9f39",
    "storage_bucket": "example-a9f39.appspot.com"
  },
  "client": [
    {
      "client_info": {
        "mobilesdk_app_id": "1:344189659286:android:4e5cdfedc168ac8def3ab7",
        "android_client_info": {
          "package_name": "com.example.myapplication"
        }
      },
      "oauth_client": [
        {
          "client_id": "344189659286-5vhh1qtaks7jj3qv98ddjl2nrvf0tamc.apps.googleusercontent.com",
          "client_type": 1,
          "android_info": {
            "package_name": "com.example.myapplication",
            "certificate_hash": "e23c7f17f08cfcaac39d6313a732afa53b870273"
          }
        },
        {
          "client_id": "344189659286-33q3inbrse4gusjgheqcqb4in12i8blf.apps.googleusercontent.com",
          "client_type": 3
        }
      ],
      "api_key": [
        {
          "current_key": "AIzaSyDdYnuexLWkZ1VVHHjN9IDNVXpadhnEF5M"
        }
      ],
      "services": {
        "appinvite_service": {
          "other_platform_oauth_client": [
            {
              "client_id": "344189659286-33q3inbrse4gusjgheqcqb4in12i8blf.apps.googleusercontent.com",
              "client_type": 3
            }
          ]
        }
      }
    }
  ],
  "configuration_version": "1"
}